{"hdlkP6eGUQE6ouDpp7NwJA==":"mbr.jpg","865sf6MO1+yR7g/fmV14gQ==":"mbr-1.jpg","k57tOTT1meiB6zGmeRvoVA==":"mbr-2.jpg","Rls4TAuRRjTAiXwnSGAN0g==":"mbr-3.jpg","xBthBp48DjDeiItkzBvIjw==":"mbr-4.jpg","dh7QU1tC07b5gP12v0/hlQ==":"mbr-5.jpg","3S4JBZUXibYMZOTuQFqcZg==":"mbr-6.jpg","5pHMLeLa0bNMGWBLxPgYvg==":"mbr-7.jpg","dACxnPdEtICd4Jpv9qNFNQ==":"mbr-8.jpg","c5quTDIBE2LaXlkanm0GJA==":"mbr.jpeg","oyxDt7xPK58y+yU4fhZXAA==":"mbr-9.jpg","1LFweVYLLnZdrvUVJkK92Q==":"mbr-10.jpg","bF2+AZyUfHKlQjGNTdHvdQ==":"mbr-11.jpg","N4pvNWaXihqbAZ90bHm4uA==":"mbr-12.jpg","/gda62LZ4q8tAoQatZk9FA==":"mbr-13.jpg","G8jSwZUSHG9QF8Tjqzra4A==":"mbr-6.jpeg","ZWVZgfsfJoLV3w99qMBdPA==":"mbr-7.jpeg","+fjPiu/KNBwJ6MOslnXjtg==":"mbr.png","xP2cDj7KeF01rQvi3pMoWQ==":"mbr-1.png","PHkCde0QASYHK18XxrqQJg==":"mbr-1.jpeg","JhzLrkEabSOkdHFWze7UmA==":"mbr-2.png","KcUTvHUCcqqF1rDEYZ0KCg==":"mbr-3.png","9X1lJrPykHCTtoxVzAmxIA==":"mbr-2.jpeg","VHYeQfhvz1c/oOeOcCSkOQ==":"mbr-3.jpeg","oArt4JcvhT/G+mtoiCkEiw==":"mbr-4.jpeg","TjTkZtk7m4UWii6v45Jg9Q==":"mbr-5.jpeg","kH1BZQAcjvzR096Q2rxLMw==":"mbr-4.png","LeI9BpwfE8ECwYB/AE3eAA==":"mbr-8.jpeg","hMQbK/JYHydfJQA/cMDCtA==":"mbr-5.png","P+ub9E4ZD/S07ChMW+mWZg==":"mbr-6.png","EEC+lzCDU4UUnMEsU81Nyg==":"mbr-9.jpeg","/5TxP6rB5Xsj6wML99MSww==":"logo2.png","NsYZ8V10aIV0N11obVedNg==":"mbr-9-800x533.jpg","XLS+sRQcpDz7LvHRRqqyIw==":"mbr-13-800x450.jpg","zGyeyDIe68Agie4/M8dKfQ==":"mbr-14.jpg"}